t_i,t_m,t_r,t_p,i_m,i_r,i_p,m_r,m_p,r_p,label
22.47220505424423,43.46262762420146,15.811388300841896,42.37924020083418,32.2490309931942,30.4138126514911,64.8459713474939,37.48332962798263,78.5175139698144,41.10960958218893,two
73.55270219373317,124.06449935416659,21.18962010041709,37.57658845611187,85.14693182963201,85.23496934944014,109.80892495603443,144.03124660989366,159.26079241294764,26.92582403567252,two
143.0314650697531,163.08586695357755,26.476404589747453,56.64803615307419,106.04244433244644,168.1814496310458,199.06029237394384,188.1754500459611,214.0840956259946,30.886890422961002,two
156.52475842498527,159.1257364476281,33.37663853655727,56.08029957123981,107.05606008068857,188.55768348173987,212.47352776287215,190.53870997778904,207.54276667713572,24.839484696748443,two
160.70158679988197,155.54099138169335,36.05551275463989,63.34824385884742,113.13708498984761,191.44973230589798,221.38202275704322,191.36614120580475,215.52262062252305,30.01666203960727,two
160.60510577189007,153.22206107476822,36.22154055254967,60.01666435249463,114.12712210513327,190.07893097342483,217.34764779035453,189.39112967612817,210.535032714273,27.459060435491963,two
156.16017418023074,149.2816130673835,41.10960958218893,66.09841147864296,112.14722466472365,190.5465822312224,218.68927728629038,190.22355269524328,212.46176126540982,28.30194339616981,two
159.76545308670458,153.73028328862208,34.132096331752024,59.682493245507096,111.46299834474219,187.82971010998233,215.55741694499866,187.8084130170957,211.463944917331,27.730849247724095,two
159.53056133543816,153.5838533179839,31.25699921617557,56.293871780150276,108.34205093129813,184.70787747142785,213.32838535928593,184.83776670366908,207.24140512938047,28.844410203711913,two
155.6181223379848,152.8953890737062,34.058772731852805,55.65968020030299,109.83624174196785,184.25254408012933,209.89759407863636,186.81809334215998,204.12006270820123,26.870057685088806,two
148.94629904767692,145.9931505242626,31.064449134018133,55.154328932550705,103.36827366266692,176.38594048279472,203.22647465327935,176.63804799646084,196.04081207748553,27.586228448267445,two
148.44864431849825,145.12063946937388,40.11234224026316,60.74537019394976,106.51291001564083,183.96195258802837,207.68485741623053,184.61040057374882,201.02238681301145,24.758836806279895,two
140.60227594174995,141.0283659410404,35.510561809129406,59.09314681077663,105.77334257741882,172.88724649319857,198.58751219550538,175.34537347760278,194.12624758130983,26.1725046566048,two
138.03260484392808,140.12851244482687,39.20459156782532,60.92618484691127,106.04244433244644,171.14321488157222,196.60366222428308,179.0111728356641,196.82479518597245,26.248809496813376,two
133.73481222179961,140.0142849854971,32.28002478313795,54.70831746635972,102.04410811016969,163.22070947033652,187.57931655702342,171.14321488157222,188.79883474216678,24.839484696748443,two
130.728726758888,132.54433220624713,38.600518131237564,58.82176467941097,101.59724405711013,164.14627622946554,188.1116689628796,170.55790805471318,185.78482176970218,25.495097567963924,two
127.80062597655773,128.56515857727553,42.04759208325728,61.220911460055866,96.04165762834376,166.20770138594662,187.6832437912346,169.31922513406445,184.36105879496353,22.360679774997898,two
133.2216198670471,132.00378782444085,41.23105625617661,60.30754513325841,94.87360012142472,169.799882214329,192.31484602078956,172.69916039170545,187.38729946290383,24.351591323771842,two
125.67020331009256,124.1491039033307,47.853944456021594,66.84309986827361,94.33981132056604,169.11830178901394,190.79046097748179,170.76592165886026,185.74444810007108,22.847319317591726,two
126.24579200908045,123.2233744059949,49.040799340956916,69.20260110718382,88.50988645343524,169.0,193.4140636044856,171.9912788486672,188.48076824970764,26.570660511172846,two
129.0348790056394,127.3459854098275,35.11409973215888,62.80127387243033,90.4267659490264,159.2262541165872,189.9315666233499,162.265215003093,186.45374761586316,31.064449134018133,two
131.60547101089682,132.9812016790343,39.0,59.033888572581766,93.74433316206373,166.24379687675568,189.274932307477,171.4788616710526,187.61929538296428,24.166091947189145,two
126.21014222319853,128.7245120402482,39.44616584663204,65.85590330410783,93.49331526906082,163.46559270990332,191.34262462922368,166.13849644197458,187.61929538296428,28.30194339616981,two
127.06297651164952,125.51493934986385,39.395431207184416,64.81512169239521,93.49331526906082,162.1141573089778,190.03157632351525,164.20109622045769,185.74444810007108,28.30194339616981,two
129.20139318134306,130.04999038831184,37.16180835212409,60.440052945046304,94.33981132056604,162.68988905276197,188.43035848822237,166.39711535961192,185.32673849177834,26.419689627245813,two
128.22246293064254,128.65457628860312,38.62641583165593,63.41135544995076,93.1933474020544,162.00308639035245,189.9315666233499,166.86521506892922,187.61929538296428,28.653097563788805,two
126.60568707605516,128.4562182223967,37.57658845611187,64.81512169239521,92.35799911215054,160.63934760823702,189.84203960134857,165.1696097955069,188.55768348173987,29.410882339705484,two
127.80062597655773,129.24782396620841,40.718546143004666,62.369864518050704,92.64987857520376,164.7938105633825,189.274932307477,169.04733065032408,185.74444810007108,26.0,two
128.14054783713078,129.52219886953742,41.78516483155236,63.00793600809346,93.23089616645332,164.20109622045769,188.62131374794313,171.0263137648707,189.25643978475344,25.059928172283335,two
124.85191228010886,129.83836104942176,41.6293165929973,62.625873247404705,93.00537618869137,162.0524606416083,185.80096878111266,170.76592165886026,187.9680823969857,24.596747752497688,two
124.4025723206719,129.634100452003,42.95346318982906,64.66065264130884,91.02197536858887,163.3799253274404,187.76847445724215,171.73234989366446,189.25643978475344,25.495097567963924,two
130.0,133.9589489358587,38.48376280978771,58.137767414994535,92.65527507918802,164.83021567661677,187.21111078138497,171.73234989366446,187.0320828093405,23.769728648009426,two
128.6001555209013,134.73306943731373,35.84689665786984,60.440052945046304,93.81364506296512,160.58953888718904,187.76847445724215,170.01764614298128,190.43634106966033,27.784887978899608,two
124.27791436936813,130.8166656049603,44.01136216933077,65.0,94.2019108086455,162.68988905276197,187.1095935541521,174.38463235044537,191.7185437040455,25.495097567963924,two
126.60568707605516,132.5745073534124,42.04759208325728,62.369864518050704,93.81364506296512,164.83021567661677,187.97074240423694,173.6663467687393,189.25643978475344,24.698178070456937,two
126.01587201618692,131.21356637177422,47.01063709417264,64.53681120105021,95.44108130150245,168.31518053936787,189.38056922503955,177.2935419015594,189.84203960134857,23.769728648009426,two
127.7810627597063,135.34031180694095,38.58756276314948,61.554853586049575,94.57801012920498,164.76953601925328,189.274932307477,171.49344010777787,187.275198571514,26.570660511172846,two
131.89389675038038,139.5886814895821,29.068883707497267,58.137767414994535,94.57801012920498,159.10059710761615,189.58902921846507,167.4873129523547,191.3243319601561,30.805843601498726,two
129.63024338479042,133.5065541462291,39.395431207184416,64.40496875241847,97.09788875150684,165.46903033498444,192.4162155328911,171.81385275931623,192.92485583770693,27.202941017470888,two
128.22636234409833,131.10682667199293,45.69463863518345,66.85057965343307,98.2700361249552,169.7115199389835,193.07252523339514,175.524927004685,193.00259065618783,23.853720883753127,two
131.64345787011217,138.52075656738234,31.38470965295043,63.702433234531945,98.11218069128827,161.94134740701648,195.18196638009363,167.35889578985635,193.00259065618783,33.60059523282288,two
134.46932735757994,141.50971698084905,36.235341863986875,60.60528029800704,100.34440691936945,169.07099100673656,194.4659353203023,175.41379649275024,195.24855953373896,25.612496949731394,two
135.77186748365804,141.1736519326464,30.886890422961002,63.41135544995076,98.38699100999075,165.75886099994776,198.90952717253137,169.43435306926398,196.46119209655632,33.24154027718932,two
137.90213921473443,141.12760183606892,33.61547262794322,63.51377803280167,103.31505214633539,169.33103672983285,200.39211561336438,173.04623659588788,198.28514820833152,31.11269837220809,two
135.83077707206124,133.18408313308313,38.3275357934736,64.8459713474939,100.31948963187563,169.64963896218583,197.9520143873257,170.84788555905513,194.36306233438492,28.319604517012593,two
142.1724305201258,140.12851244482687,29.410882339705484,63.071388124885914,99.16148445843275,169.14490828872147,203.03940504246953,168.66831356244717,199.7448372299019,34.132096331752024,two
142.84257068535277,137.23337786413333,29.017236257093817,62.297672508690084,101.01980003939822,165.07574019219177,200.4120754844877,166.24379687675568,197.9898987322333,35.510561809129406,two
143.83671297690307,140.0,31.400636936215164,59.09314681077663,100.24470060806208,171.2337583538947,201.00995000248122,171.0730837975396,195.47889911701466,29.832867780352597,two
140.92906016858268,137.03284277865654,38.8329756778952,68.15423684555495,102.1420579389313,175.65022060902743,206.45580640902304,175.07141400011596,201.3181561608391,30.805843601498726,two
150.0133327407934,140.05713120009278,38.0,64.53681120105021,102.48902380255166,179.74426277353055,208.290662296705,178.04493814764857,203.79646709401024,28.653097563788805,two
144.42298985964803,136.0588108135596,44.181444068749045,69.3757882838098,105.08092119885512,181.6645259812713,208.568933448872,180.0,203.48218595248088,26.92582403567252,two
145.7737973711325,136.0036764208968,42.01190307520001,70.21395872616783,104.12012293500234,178.33956375409244,208.61447696648477,178.01123560045303,205.35091916034852,30.4138126514911,two
151.4859729479928,138.05795884337854,44.04543109109048,69.2314957226839,109.14210919713803,185.29975715040752,213.60009363293827,182.0988742414406,206.196508214858,28.30194339616981,two
148.16544806398016,135.2368293032634,46.0,71.19691004531025,107.48953437428223,185.39956850003725,212.6593520163174,181.1767093199344,205.0609665440988,27.294688127912362,two
153.83757668398187,139.43457247038842,40.19950248448356,65.76473218982953,107.5174404457249,184.93782739072068,213.59073013593076,179.62739212046696,204.00245096566854,28.653097563788805,two
151.6047492659778,141.0283659410404,44.01136216933077,69.05070600652827,108.50345616615168,188.35339126227592,215.64786110694445,184.87833837418594,208.0600874747485,27.294688127912362,two
157.4102919125684,143.8923208513922,41.10960958218893,67.7421582177598,110.16805344563369,190.58856209122308,219.64744478368056,184.97837711473198,210.08569680013915,29.068883707497267,two
152.41062955056645,140.1606221447379,44.0,75.66372975210778,109.17875251164945,189.70766985021982,221.81974664127628,183.88311504866346,214.1494805036893,32.57299494980466,two
156.81836627130127,137.71347065556077,54.74486277268398,77.10382610480494,110.76551810017412,198.12369873389704,224.50167037240502,192.37983262286096,214.23351745233518,26.419689627245813,two
159.5054857990784,146.37281168304446,44.40720662234904,67.47592163134935,111.87939935484101,194.5507645834372,221.3707297724792,190.77997798511248,212.33935103979195,26.92582403567252,two
157.8670326572334,144.53373308677806,47.38143096192854,73.17103251970687,112.8716084761797,195.45076106272904,223.6515146382872,191.9088325221119,216.59178193089414,28.231188426986208,two
159.53056133543816,148.66068747318505,35.35533905932738,67.47592163134935,113.53413583587978,187.88294228055935,222.3803048833237,183.98369492974098,213.9369065869655,34.539832078341085,two
158.09174551506476,145.52662986546483,47.51841748206689,75.16648189186454,114.5294721894762,196.0637651377735,226.52372944131042,193.0181338631166,219.10727965998757,30.463092423455635,two
159.53056133543816,145.13442045221387,45.89117562233506,75.05997601918082,115.2128465059344,195.386795869117,227.69277546729498,191.02355875650522,218.67327225795108,32.31098884280702,two
161.89502771858065,150.44268011438774,41.43669871020132,70.11419257183242,115.27792503337315,195.77793542685038,226.38462845343543,191.80198122021577,218.79899451322896,30.675723300355934,two
165.4962235218677,149.25481566770299,43.73785545725808,71.02816342831905,116.06894502837527,200.38463014912097,230.08259386576813,192.98186443290467,218.92921230388603,29.732137494637012,two
159.0125781188394,148.92951352905172,49.36598018878993,74.16872656315464,117.15374513859982,200.7436175822285,228.0350850198276,197.9520143873257,220.4835594777987,27.313000567495326,two
162.9846618550347,150.86417732516887,46.87216658103186,71.06335201775948,118.06777714516353,200.9601950635996,228.60008748904713,197.6689151080665,219.80445855350615,27.730849247724095,two
162.4130536625674,150.1532550429727,48.83646178829912,74.06078584514209,116.01724009818541,202.74368054269902,231.27689032845456,198.8793604173143,221.93918085818015,28.635642126552707,two
169.49926253526885,156.7322557739791,46.69047011971501,71.06335201775948,119.0,208.73428084528905,235.97457490161943,203.24615617521528,225.39964507514202,27.313000567495326,two
162.82505949638096,152.48606493709516,50.35871324805669,76.10519036176179,120.01666550941998,206.24257562394823,234.0939982143925,202.27703774773843,225.57482128996577,27.85677655436824,two
159.7779709471866,148.08105888330215,59.033888572581766,79.22752047110903,119.01680553602503,208.71032557111303,234.2007685726074,206.90335908341362,223.91292950609173,27.018512172212592,two
156.11854470241516,147.80054127099805,55.226805085936306,79.63039620647382,114.0701538527936,204.62893246068603,232.3316594870359,202.2992832414391,223.16361710637332,28.30194339616981,two
165.3420696616563,153.37535656030275,48.507731342539614,70.00714249274856,115.2128465059344,202.8324431643025,228.96506283710622,201.8539075668341,222.17335573826128,26.419689627245813,two
161.24515496597098,151.63442880823604,45.35416188179427,71.02816342831905,113.28283188550682,196.51208614230322,226.37358503146962,196.9771560359221,221.18318200080222,29.966648127543394,two
158.47397262642215,148.07092894960846,51.97114584074513,77.1621668954417,113.44161493913951,199.81241202688085,229.53866776645717,200.0399960007998,223.40322289528413,30.01666203960727,two
161.74362429474616,154.9322432549145,41.23105625617661,67.1863081289633,111.64676439557037,193.49676999888138,224.1539649437413,196.1224107541002,220.42232191862965,30.886890422961002,two
161.05899540230592,155.3319027115808,41.10960958218893,67.89698078707183,108.46197490364999,197.02284131541703,226.38462845343543,196.1479033790573,220.00454540758926,29.5296461204668,two
154.2886904474855,157.2800050864699,34.23448553724738,67.72001181334805,113.7453295744489,186.85020738548835,221.25324856372166,189.274932307477,217.44194627532195,34.438350715445125,two
154.82893786369524,153.7693077307692,39.05124837953327,72.18032973047436,112.75194011634566,189.2326610286924,224.53952881397075,192.2082204277434,221.41589825484527,35.34119409414458,two
154.76756766196203,155.502411556863,40.049968789001575,72.03471385380801,113.7453295744489,191.84629264074925,225.32199182503248,193.96133635340834,221.30521909796886,33.54101966249684,two
159.7779709471866,158.68522300453813,37.05401462729781,67.26812023536856,112.00892821556681,192.23423212320952,224.80213522117623,195.34584715319647,221.9954954497951,32.64965543462902,two
157.0636813525011,157.70859202973057,43.04648650006177,72.27724399837061,110.16805344563369,196.69773765857096,227.8442450447235,199.58206332233365,224.57070156189118,31.38470965295043,two
157.2800050864699,157.70859202973057,44.181444068749045,68.4470598345904,114.42464769445436,195.0,223.28905033610582,201.61349161204464,221.90313201935658,29.206163733020468,two
155.7080601638849,159.1257364476281,42.190046219457976,72.80109889280519,111.46299834474219,195.25624189766637,227.343352662883,199.58206332233365,225.5681715136247,32.2490309931942,two
160.17802595861892,165.5294535724685,31.25699921617557,66.09841147864296,111.9866063420086,189.69449122207,225.45953073667124,195.3176899310454,225.43513479491168,35.77708763999664,two
160.18114745499858,164.40194646049662,39.11521443121589,62.0966987850401,113.78049041905207,193.32873557751316,220.47675614449702,203.37649815059754,222.32408776378685,28.319604517012593,two
154.8709139896837,157.33403954643762,45.044422518220834,72.12489168102785,110.42191811411355,195.49424543960367,225.39964507514202,201.55644370746373,224.0803427344755,30.610455730027933,two
154.69324484281788,160.29036153181514,40.19950248448356,68.6804193347711,108.90821823902914,191.88017094009479,221.82200071228283,199.3313823761828,224.1428116179504,30.01666203960727,two
152.26621424334422,154.5736070614903,49.0,73.76313442364011,109.14210919713803,195.0179478919825,223.6515146382872,203.19448811422026,224.0089283934906,29.732137494637012,two
155.32224567009067,160.25292509030842,40.19950248448356,63.06346010171025,108.93117092916977,188.31091311976584,216.06017680266763,200.44201156444225,220.03636063160107,29.0,two
149.4824404403407,163.1686244349691,38.07886552931954,66.64833081180653,107.96758772891057,186.50737250843463,216.12265036316762,198.33809518093088,219.00228309312212,31.11269837220809,two
147.5567687366459,155.42522317822161,46.010868281309364,72.73238618387272,108.81176406988355,187.82971010998233,218.44221203787512,200.9975124224178,223.00896842952304,31.827660925679098,two
150.88074761214565,161.64467204334326,42.04759208325728,63.324560795950255,111.31936040060597,188.27904822364064,213.21585306913744,203.08865059377396,219.0,27.018512172212592,two
143.39107364128355,154.719100307622,45.27692569068709,74.67261881037788,108.4665847162157,184.7187050625897,216.69563908856125,198.8164983093707,223.0201784592596,32.64965543462902,two
145.60906565183365,155.56349186104046,44.10215414239989,71.16881339463234,108.15729286552988,185.15128949051368,215.3346233191495,198.90952717253137,221.00904958847272,31.144823004794873,two
141.4814475470194,154.434452114805,50.48762224545735,70.9365914038728,108.50345616615168,187.88294228055935,211.12318678913502,203.48218595248088,219.0570701894828,24.839484696748443,two
140.98226838861686,157.99050604387594,41.0,71.11258679024411,105.34229919647663,180.24705268048075,211.85136298829894,196.65197685250968,220.08180297334897,32.55764119219941,two
138.69751259485514,152.9477034806342,51.62363799656123,72.09022125087424,103.24727599312246,186.53149868051776,209.91426821443082,203.19940944796076,218.33002542023394,25.80697580112788,two
135.6244815658294,155.7080601638849,46.17358552246078,71.69379331573968,106.23088063270491,180.47160441465576,207.23416706711276,198.20443990990717,216.390850083824,28.42534080710379,two
131.01526628603247,151.95394038984313,50.15974481593781,70.80254232723568,104.21612159354233,180.31361568112376,201.81674856165927,197.02284131541703,209.49701668520245,24.596747752497688,two
129.18978287774928,148.16544806398016,52.32590180780452,65.60487786742691,102.47438704378767,180.42172818150257,194.7562579225633,195.65530915362353,202.70421801235415,17.72004514666935,two
125.31959144523253,149.0,47.41307836451879,64.53681120105021,100.9554357129917,171.64206943520577,189.84203960134857,192.26284092356485,202.40553352119602,21.18962010041709,two
126.57408897558773,150.33296378372907,46.51881339845203,65.0,100.60318086422517,171.05846953600397,191.10729970359583,194.32961688841976,207.85812469085735,21.470910553583888,two
125.25573839150046,148.56984889270097,43.829214001622255,65.43699259593154,101.04454463255303,167.09278859364338,190.22355269524328,189.88944151795275,206.196508214858,24.186773244895647,two
127.66362050325849,147.97972834141845,48.373546489791295,62.96824596572466,102.44998779892558,173.97126199461795,190.370691021491,193.3959668659096,202.11135544545735,19.4164878389476,two
125.60254774486066,142.27438279606065,48.33218389437829,68.24954212300622,103.85566907973777,169.7056274847714,192.5876423865249,189.06612599828665,203.66639388961548,24.698178070456937,two
125.80143083447024,142.27438279606065,52.773099207835045,69.42621983083913,105.26157893552613,174.6682569902156,194.26270872197782,192.85486771144772,203.6516633862832,22.561028345356956,two
128.70508925446578,138.75518008348374,52.392747589718944,70.0,105.60303025955268,175.41379649275024,196.32880583347927,189.9315666233499,203.3346994489627,22.47220505424423,two
134.40238093129153,143.69411957348845,43.382023926967726,65.43699259593154,106.01886624558857,174.04022523543227,198.39858870465787,185.58555978308226,203.0221662774782,25.059928172283335,two
139.40229553346674,145.16886718577092,44.77722635447622,67.80117993073571,105.68348972285122,179.655225362359,205.37283169883986,188.95766721676048,207.76188293332345,26.419689627245813,two
138.45215780189199,139.90353819685905,48.46648326421054,71.84705978674423,107.07007051459338,181.06904760339356,207.45360927204905,187.5366630821824,207.13522153414664,26.92582403567252,two
141.60508465447137,140.57738082636197,47.92702786528704,71.84705978674423,108.04628637764465,184.58873205046942,210.8885961829136,187.3205808233575,207.48011952955878,26.627053911388696,two
138.80922159568507,137.18600511714013,52.92447448959697,77.10382610480494,108.40664186294121,185.9704277566732,212.93426215618754,188.86238376129853,209.0956718825141,27.459060435491963,two
144.62710672622887,140.1606221447379,47.01063709417264,74.09453421137081,108.24047302187847,187.3846311734236,215.6687274502263,185.72291188757515,209.88806540630173,28.284271247461902,two
151.02979838429235,140.73023839957068,40.85339643163099,69.83552104767315,107.35455276791944,187.39530410338463,217.0829334609241,180.8258831030558,207.69207977195472,29.832867780352597,two
150.8011936292283,137.6117727521886,39.84971769034255,74.24957912338628,110.07270324653611,184.58873205046942,219.22134932528812,177.1016657177453,209.80467106334882,35.22782990761707,two
157.8923684032892,142.55525244620065,38.600518131237564,69.46221994724903,110.30865786510141,190.9240686765291,221.51523649627356,180.8535318980528,210.54453210663058,31.38470965295043,two
163.37686494727458,143.85061696079026,35.510561809129406,65.19202405202648,109.78615577567146,191.68985366993215,222.31958978011812,179.3599732381782,208.1465829649865,31.064449134018133,two
162.74212730574712,140.57738082636197,35.35533905932738,66.73080248281148,111.0,190.2761151589973,222.39604313026794,175.93180496999398,206.52602741543257,32.7566787083184,two
163.8932579455299,139.04315876734103,44.40720662234904,68.9492567037528,112.64102272262978,199.15069670980316,226.15260334561705,183.44754018519845,206.90335908341362,27.018512172212592,two
163.52675622050356,140.60227594174995,42.7551166528639,68.35202996254024,112.08925015361643,199.36148073286373,226.497240601293,183.20753259623362,207.32824216685964,27.202941017470888,two
169.85287751463028,141.90489773083945,36.22154055254967,63.89053137985315,112.05802068571441,198.600100704909,227.40272645683032,178.12635964393365,205.00975586542216,29.154759474226502,two
171.26587517658035,140.69825869569246,44.28317965096906,68.6804193347711,114.54256850621083,206.7873303662485,232.69937687926884,184.97837711473198,208.62646045025065,26.076809620810597,two
170.53152201279386,138.61096637712328,46.17358552246078,73.24616030891995,114.1402645870422,207.0869382650678,235.41028014935966,184.78365728602733,211.28653530218153,28.653097563788805,two
171.84004189943624,138.2931668593933,45.27692569068709,74.95331880577403,115.41230437002807,208.8276801575883,238.4302833114955,183.53473785635242,212.59586073110643,30.463092423455635,two
169.07099100673656,133.37541002748594,54.037024344425184,77.12976079309465,114.27160627207442,211.00947846009194,237.40682382779144,187.3846311734236,209.87615395751848,26.40075756488817,two
175.38529014715002,138.61096637712328,51.0,72.83543093852057,114.12712210513327,214.02102700435768,237.49736840647307,189.44656238633627,211.36697944570244,23.706539182259394,two
169.7056274847714,132.13629327327143,59.033888572581766,80.8084154033477,114.6298390472568,216.6217902243447,241.59884105682295,191.1674658512792,212.24985276791125,25.0,two
172.53985046939155,134.30189872075525,53.009433122794285,73.824115301167,112.53888216967503,213.01643129110957,236.30488780387088,187.17104476921637,207.96393918177256,23.323807579381203,two
172.5340546095176,131.4610208388783,59.07622195096772,78.77182237323191,111.36426715962351,216.61486560252507,240.18534509832193,190.16834647227702,210.1547049199708,23.600847442411894,two
171.21331723905124,131.18688958886096,57.0350769263968,76.79192665899195,110.16351483136329,215.2881789602021,238.29603437741048,188.06647760831805,207.78113485107352,23.021728866442675,two
176.07100840286,132.74034804836094,57.55866572463264,76.16429609731846,111.28791488746656,215.52262062252305,238.53720883753127,189.0952141118331,208.86598574205422,23.021728866442675,two
170.4494059831245,131.24404748406687,60.13318551349163,77.41446893184762,110.2905254316979,215.60380330597138,236.3810483097154,191.04188022525324,208.61447696648477,20.808652046684813,two
168.2973558912914,125.32358118087753,66.75327707311455,80.15609770940699,111.22050170719426,214.37350582569667,234.15593095200472,191.0026177831079,205.47749268472205,20.518284528683193,two
164.87874332369228,129.00387591076478,65.19202405202648,76.6550715869472,111.28791488746656,214.5809870421888,231.71750041807374,194.0412327316027,205.29490982486632,18.601075237738275,two
168.43990026119107,133.0338302838793,55.326304774492215,70.57619995437555,111.36426715962351,209.05740838343903,229.7063342618135,188.0239346466295,203.35437049643167,21.213203435596427,two
163.783393541592,132.06059215375342,57.07889277132134,74.14849964766651,111.28791488746656,208.75104790156144,230.6707610426601,189.12958520548815,205.19746587129188,22.627416997969522,two
165.01212076693034,135.09256086106296,58.54912467321779,71.34423592694787,115.62439189029277,207.76188293332345,226.55021518418383,193.43732835210477,206.00970850908945,19.849433241279208,two
158.14234094637652,133.30416347586447,61.07372593840988,76.94153624668537,112.75194011634566,206.7873303662485,227.24656213021134,194.3707796969493,209.02152999152983,21.213203435596427,two
161.72198366332265,136.36715146984628,56.142675390472796,78.91767862779544,115.73245007343446,205.52858681944952,232.57256931977167,192.50974001333023,214.00934559032697,27.202941017470888,two
158.38244852255568,142.79005567615695,55.08175741568164,76.48529270389177,117.71151175649729,202.31905496022858,228.61539755668252,197.82062582046393,217.0,26.90724809414742,two
161.02794788483146,145.0,50.08991914547278,73.54590403278758,117.23907198540937,201.357890334598,229.34035841953332,195.02820308868152,216.0092590608097,28.42534080710379,two
166.81726529349413,152.55490814785344,45.39823785126467,68.73136110975832,116.72617529928752,201.357890334598,229.22478051031044,197.91412279066898,220.02045359466015,28.0178514522438,two
164.50227961946302,159.52429282087414,40.049968789001575,69.85699678629192,118.25819210524064,197.70938268074178,230.88741845323665,199.44924166313595,226.07963198837706,33.28663395418648,two
157.8131806916013,156.348968656656,41.012193308819754,68.6804193347711,117.27744881263405,193.6620768245554,224.18296099391677,196.72569735548024,220.14540649307222,30.805843601498726,two
160.31219541881399,159.81239000778382,35.22782990761707,65.0,114.54256850621083,188.7246671741667,222.76669409945464,195.020511741714,221.14474897677312,34.40930106817051,two
171.1724276862369,177.22584461641028,27.16615541441225,59.135437767890075,117.15374513859982,196.33135256499406,229.43626565998673,203.54115063052976,231.17525819170183,33.12099032335839,two
162.1141573089778,173.3666634621547,33.015148038438355,60.74537019394976,117.63077828527702,191.92967462067975,222.27235545609355,205.6647757881743,227.3719419805355,31.240998703626616,two
153.07514494521962,169.09760495051373,45.044422518220834,70.83784299369935,115.24755962709145,194.4659353203023,223.1815404552984,212.8966885604377,232.42202993692314,30.4138126514911,two
159.29846201391902,171.40595088852663,39.05124837953327,69.6419413859206,113.50770898930169,193.6930561481232,227.75864418282788,210.10711553871752,235.47823678633233,35.0,two
122.87391912037315,123.7457069962429,100.43903623591775,40.496913462633174,26.40075756488817,47.43416490252569,93.60555539069249,29.614185789921695,88.48163651289458,62.22539674441618,thumbs up
57.201398584300364,93.40770846134703,121.69634341261039,154.35349040433132,79.40403012442127,124.65151423067431,172.13076424625552,49.040799340956916,102.95630140987001,55.362442142665635,thumbs up
69.06518659932803,128.14444974324874,167.8153747426022,204.08331631958552,63.06346010171025,107.5174404457249,151.32745950421557,46.2709412050371,94.42986815621421,50.0,thumbs up
110.4943437466371,155.76905982896602,193.31063085097003,227.26636354727023,47.042533945356304,85.14693182963201,118.71394189394942,38.118237105091836,71.84705978674423,33.95585369269929,thumbs up
137.3062270984095,176.61540136692497,206.82843131445927,235.26155657055403,41.30375285612676,75.0,106.1178590059185,34.36568055487916,65.76473218982953,31.400636936215164,thumbs up
150.5456741324705,180.44666802132977,206.52602741543257,230.15864094141676,33.54101966249684,60.40695324215582,85.84287972802403,27.018512172212592,52.3450093132096,25.495097567963924,thumbs up
156.11854470241516,179.3348822733603,203.8430768998545,228.1074308302998,33.61547262794322,60.440052945046304,88.60022573334675,27.294688127912362,55.31726674375732,28.160255680657446,thumbs up
149.96666296213968,175.5135322418189,203.16003544004417,225.73657213663896,29.274562336608895,58.137767414994535,85.32877591996736,29.0,56.089214649520635,28.231188426986208,thumbs up
149.56269588369955,176.5106229097841,202.20039564748632,224.96444163467257,29.0,57.07889277132134,84.01190391843289,28.160255680657446,55.54277630799526,27.85677655436824,thumbs up
148.5563866011825,178.05897899291685,205.93445559206452,228.98253208487324,30.265491900843113,59.21148537234985,85.05292469985967,29.017236257093817,55.44366510251645,27.202941017470888,thumbs up
135.07405376311175,166.33700730745397,195.6016359849784,222.46348014898985,31.575306807693888,61.5223536610881,90.0499861188218,30.066592756745816,59.07622195096772,29.427877939124322,thumbs up
111.83022847155415,148.1924424523734,179.96944185055418,212.3982109152523,36.40054944640259,68.15423684555495,100.62305898749054,31.78049716414141,64.4980619863884,33.015148038438355,thumbs up
110.35397591387454,146.74126890551273,175.8465239918037,206.73654732533385,36.40054944640259,65.5133574166368,96.5090669315583,29.274562336608895,60.40695324215582,31.144823004794873,thumbs up
111.40017953306898,146.84004903295286,175.1485084150019,207.3957569479183,35.4400902933387,63.788713735268246,96.33794683301072,28.442925306655784,61.29437168288782,33.015148038438355,thumbs up
112.27199116431488,147.6787053031005,176.16185739256952,203.30272993740147,35.4400902933387,64.03124237432849,91.59148432032315,28.635642126552707,56.43580423808985,28.0178514522438,thumbs up
111.66467659918243,146.44111444536333,173.92527130926086,203.16003544004417,34.785054261852174,62.36184731067546,91.98369420718001,27.65863337187866,57.55866572463264,30.066592756745816,thumbs up
110.3675676999362,143.58969322343438,173.3666634621547,202.78066969018522,33.24154027718932,63.06346010171025,92.76313923105448,29.832867780352597,59.682493245507096,30.066592756745816,thumbs up
106.89246933250256,141.06027080648894,170.13524032369074,199.04019694524018,34.17601498127012,63.245553203367585,92.41753080449618,29.120439557122072,58.69412236331676,30.01666203960727,thumbs up
111.7899816620434,145.03103116229988,172.75416058665562,198.600100704909,33.24154027718932,61.032778078668514,87.32124598286491,27.892651361962706,54.589376255824725,27.018512172212592,thumbs up
105.6882207249228,140.4563989286355,169.24833824885843,197.34234213670416,34.785054261852174,63.56886030125127,91.92388155425118,28.792360097775937,57.271284253105414,29.068883707497267,thumbs up
106.89246933250256,141.39660533407442,168.5734261382855,197.6486782146544,34.539832078341085,61.68468205316454,90.80198235721508,27.202941017470888,56.515484603779164,29.427877939124322,thumbs up
108.07867504739313,142.46754016266303,169.1685549976709,197.03045449879062,34.438350715445125,61.09828148156051,89.28605714219886,26.92582403567252,55.731499172371095,29.068883707497267,thumbs up
113.718951806636,145.6193668438371,174.18381095842403,199.2234925906079,31.953090617340916,60.728905802755904,86.68333173107735,28.861739379323623,55.326304774492215,27.018512172212592,thumbs up
110.16805344563369,143.0,170.09703113223347,197.6486782146544,32.89376840679705,60.08327554319921,88.29496021857646,27.202941017470888,55.731499172371095,29.017236257093817,thumbs up
111.35977729862789,143.1258187749506,169.57889019568444,194.79476378999513,31.78049716414141,58.309518948453004,84.20213774008353,26.570660511172846,52.952809179494906,27.018512172212592,thumbs up
109.65856099730654,141.4390328021229,169.38713056191725,197.80040444852483,31.78049716414141,59.80802621722272,88.60022573334675,28.160255680657446,57.271284253105414,29.274562336608895,thumbs up
112.71202242884297,144.90341610879986,172.19175357722565,194.07730418572905,32.202484376209235,59.61543424315552,82.28000972289685,27.51363298439521,50.80354318352215,24.0,thumbs up
105.60303025955268,137.38267721950973,161.64467204334326,192.01041638411183,31.78049716414141,56.08029957123981,86.64871608973787,24.351591323771842,55.08175741568164,30.805843601498726,thumbs up
108.67382389517726,139.54210834009928,167.28717822953436,191.84629264074925,30.886890422961002,58.69412236331676,83.81527307120105,28.160255680657446,53.9351462406472,26.076809620810597,thumbs up
102.15674231297707,134.8517704741024,160.3277892319357,187.55265927200287,32.69556544854363,58.180752831155424,85.44003745317531,25.495097567963924,52.81098370604357,27.65863337187866,thumbs up
108.74741376235114,140.03570973148243,167.0269439342048,192.4162155328911,31.304951684997057,58.309518948453004,84.20213774008353,27.202941017470888,53.75872022286245,27.018512172212592,thumbs up
108.74741376235114,138.7984149765407,163.0828010551695,190.5465822312224,30.083217912982647,54.42425929675111,82.28000972289685,24.351591323771842,52.392747589718944,28.284271247461902,thumbs up
104.69479452198185,136.4734406395618,162.45922565370057,188.85444130334875,31.78049716414141,57.77542730261716,84.43340571124678,26.0,52.88667128870941,27.294688127912362,thumbs up
103.78824596263297,136.41847382227965,162.3884232326923,187.18172987767795,32.64965543462902,58.60034129593445,83.81527307120105,26.0,51.97114584074513,27.0,thumbs up
101.95096860746347,133.33041663476493,158.39823231336896,186.60117898877274,31.38470965295043,56.462376853972415,84.77027781009096,25.079872407968907,53.600373133029585,29.154759474226502,thumbs up
100.31948963187563,132.00378782444085,158.09490820390135,185.16209115258988,31.76476034853718,57.77542730261716,85.07055894961546,26.248809496813376,54.12947441089743,28.160255680657446,thumbs up
100.17983829094555,132.84953895290718,157.58172482873766,183.65728953678914,32.69556544854363,57.584720195551874,84.20213774008353,25.0,51.97114584074513,27.16615541441225,thumbs up
99.40321926376429,130.26895255585654,156.7801007781281,182.9371476764629,30.870698080866262,57.38466694161429,83.81527307120105,26.570660511172846,53.36665625650534,27.16615541441225,thumbs up
105.60303025955268,137.88400922514546,163.6154026979123,189.15602025840997,32.31098884280702,58.18934610390462,84.40379138403677,25.96150997149434,52.61178575186362,27.018512172212592,thumbs up
101.96568050084302,134.18271125595876,158.90248582070703,184.95404834715026,32.31098884280702,57.245087125446844,83.93449827097318,25.0,51.97114584074513,27.16615541441225,thumbs up
101.07917688624102,131.51805959639154,158.40454538932903,185.69868066305693,30.463092423455635,57.38466694161429,85.07055894961546,26.92582403567252,54.817880294662984,28.284271247461902,thumbs up
97.12878049270464,127.05904139414872,152.9477034806342,178.60011198204776,29.966648127543394,56.08029957123981,82.21921916437786,26.248809496813376,52.630789467763066,26.476404589747453,thumbs up
94.93682109698007,126.46343345014795,152.84632805533798,181.43042743707574,31.622776601683793,57.9396237474839,86.64871608973787,26.40075756488817,55.02726596879042,28.861739379323623,thumbs up
95.70788891204319,130.26895255585654,156.3873396410336,183.52111595127138,34.785054261852174,61.032778078668514,88.76936408468859,26.248809496813376,54.12947441089743,28.160255680657446,thumbs up
95.75489543621255,129.86531484580476,154.5477272560163,182.58422713914803,34.17601498127012,58.872744118140105,87.36131867136622,24.698178070456937,53.36665625650534,29.154759474226502,thumbs up
97.06183596038146,130.14607178090316,154.84508387417407,180.86735471057236,33.24154027718932,58.18934610390462,84.8999411071645,25.0,51.97114584074513,27.16615541441225,thumbs up
94.37160589923221,126.14277624977183,151.79591562357663,177.341478509682,31.78049716414141,57.584720195551874,83.5224520712844,25.96150997149434,52.172789842982326,26.30589287593181,thumbs up
89.96110270555825,123.1665539016173,147.85127662620977,174.39323381370048,33.24154027718932,57.9396237474839,84.77027781009096,24.698178070456937,51.66236541235796,27.294688127912362,thumbs up
91.28526715741155,123.5677951571525,149.05368160498418,177.00282483621552,32.31098884280702,57.77542730261716,85.7962703152066,25.495097567963924,53.48831648126533,28.160255680657446,thumbs up
92.13034245024816,124.8118584109699,150.3761949245957,179.38784797192923,32.89376840679705,58.52349955359813,87.93179174792243,25.632011235952593,55.08175741568164,29.614185789921695,thumbs up
94.54099639838793,130.0,155.46703830716015,182.16750533506243,35.4682957019364,60.92618484691127,87.66413177577246,25.495097567963924,52.20153254455275,26.92582403567252,thumbs up
97.50897394599124,132.00378782444085,158.90248582070703,183.69812192834198,34.539832078341085,61.465437442517235,86.37708029332781,26.92582403567252,51.86520991955976,25.0,thumbs up
92.61209424259879,128.5496013218244,155.07740002979156,179.20379460268134,36.05551275463989,62.625873247404705,86.97700845625813,26.570660511172846,50.96076922496363,24.515301344262525,thumbs up
93.47192091746055,125.7179382586272,153.52198539622916,180.6931099959265,32.31098884280702,60.166435825965294,87.5956619930462,27.85677655436824,55.362442142665635,27.65863337187866,thumbs up
96.60227740586657,129.71121771072848,157.4960316960399,183.69812192834198,33.24154027718932,61.09828148156051,87.5956619930462,27.85677655436824,54.405882034941776,26.68332812825267,thumbs up
95.71311299921238,127.534309109353,155.3479964466874,179.9388785115657,32.28002478313795,60.08327554319921,85.16454661418682,27.85677655436824,52.88667128870941,25.317977802344327,thumbs up
96.15092303249095,130.18832512940628,157.4960316960399,182.92348127017482,34.17601498127012,61.465437442517235,87.28115489611719,27.313000567495326,53.16013544000805,26.30589287593181,thumbs up
101.9803902718557,133.82451195502264,160.85086260259843,186.09674903124989,31.953090617340916,59.135437767890075,84.8999411071645,27.202941017470888,53.150729063673246,26.1725046566048,thumbs up
104.65658125507444,134.23859355639868,159.0125781188394,184.22811946062956,30.083217912982647,55.08175741568164,81.02468759581859,25.0,50.99019513592785,26.1725046566048,thumbs up
112.50777750893491,141.77799547179387,167.7647161950331,189.04232330353963,30.083217912982647,56.753854494650845,79.90619500389191,26.68332812825267,50.15974481593781,24.08318915758459,thumbs up
110.14535850411491,138.6542462386205,164.58432489152787,188.85444130334875,28.792360097775937,55.02726596879042,80.8084154033477,26.248809496813376,52.46903848937962,27.018512172212592,thumbs up
114.9086593777858,142.77955035648486,167.2602762164406,188.48076824970764,28.460498941515414,53.85164807134504,77.64663547121665,25.495097567963924,50.00999900019995,25.317977802344327,thumbs up
113.17685275708986,140.87228258248675,166.43617395265971,189.97368238785077,27.85677655436824,53.75872022286245,78.64477096412705,25.96150997149434,51.35172830587107,26.019223662515376,thumbs up
114.94781424629178,143.10835055998655,168.25278600962304,193.70596273734063,28.231188426986208,53.75872022286245,80.60397012554654,25.709920264364882,53.23532661682466,28.0178514522438,thumbs up
102.55242561733974,136.1653406708183,163.0828010551695,188.32153355365392,33.61547262794322,60.53924347066124,86.02325267042627,26.92582403567252,52.630789467763066,26.1725046566048,thumbs up
103.31021246711285,130.64838307457157,158.90248582070703,185.15128949051368,27.459060435491963,55.758407437802596,81.8413098624405,28.30194339616981,54.62600113499065,26.92582403567252,thumbs up
103.46980235798269,134.33167906342868,163.7192719260625,188.692872149427,30.870698080866262,60.41522986797286,85.23496934944014,29.68164415931166,54.42425929675111,26.1725046566048,thumbs up
103.61949623502326,131.30879635424276,160.5801980320114,186.46179233290664,27.730849247724095,57.4543296888929,82.85529554590944,30.0,55.154328932550705,27.16615541441225,thumbs up
106.4048871058092,132.5028301584536,157.01273833673497,181.077331546497,26.627053911388696,51.31276644267,74.73285756613352,24.698178070456937,48.703182647543684,25.179356624028344,thumbs up
104.35516278555652,130.0,156.3873396410336,183.84776310850236,27.018512172212592,53.0,80.06247560499239,26.40075756488817,53.85164807134504,27.51363298439521,thumbs up
95.58765610684259,125.41929676090518,146.18481453283715,168.46661390317072,30.870698080866262,54.120236510939236,84.02380615040002,24.08318915758459,57.0701322935211,34.539832078341085,thumbs up
96.42613753542138,121.49485585818027,140.1606221447379,155.92626462530293,27.65863337187866,49.36598018878993,74.81310045707235,22.0,49.9799959983992,30.23243291566195,thumbs up
90.52071586106685,112.89375536317321,125.67418191498204,135.36617007214173,28.0178514522438,48.662100242385755,74.68600939935136,21.93171219946131,51.73973328110612,31.400636936215164,thumbs up
92.63368717696602,112.29425630903836,122.58874336577564,130.17296186228538,22.561028345356956,37.05401462729781,58.82176467941097,15.297058540778355,41.048751503547585,27.586228448267445,thumbs up
84.21995013059554,100.0,111.83022847155415,124.23365083583433,18.24828759089466,33.06055050963308,53.9351462406472,15.033296378372908,37.33630940518894,23.323807579381203,thumbs up
109.4440496326776,144.5856147754679,175.93464695732902,205.73040611440985,35.17101079013795,66.49060083951716,96.33794683301072,31.400636936215164,61.40032573203501,30.066592756745816,thumbs up
117.47765745025733,153.16984037335808,183.1829686406463,210.92415698539605,35.6931365951495,65.76473218982953,93.64827814754524,30.14962686336267,58.137767414994535,28.0178514522438,thumbs up
111.12605455067681,145.06550244630873,174.8742405273001,205.92231544929754,33.95585369269929,63.953107821277925,95.524865872714,30.14962686336267,62.03224967708329,32.01562118716424,thumbs up
105.90561835898981,140.42791745233566,169.44615663980107,200.44450603596,34.52535300326414,63.56099432828282,94.54099639838793,29.120439557122072,60.01666435249463,31.144823004794873,thumbs up
104.34557968596465,138.74076545846214,167.83622970026465,197.7321420508057,34.48187929913333,63.60031446463138,93.39164844888434,29.120439557122072,59.033888572581766,30.14962686336267,thumbs up
108.85311203635843,141.59802258506295,171.81385275931623,200.6315030098713,32.7566787083184,63.06346010171025,91.78235124467012,30.364452901377952,59.033888572581766,29.068883707497267,thumbs up
109.4440496326776,142.86357128393507,170.83617883809038,200.8233054204616,33.52610922848042,61.39218191268331,91.41115905621152,28.160255680657446,58.309518948453004,30.14962686336267,thumbs up
106.09901036296239,139.6352391053204,169.0562036720333,199.9124808509964,33.54101966249684,62.96824596572466,93.90420650854784,29.427877939124322,60.40695324215582,31.064449134018133,thumbs up
110.42191811411355,143.39107364128355,172.38619434281853,203.2141727340886,32.984845004941285,61.98386886924694,92.91393867445294,29.154759474226502,60.207972893961475,31.064449134018133,thumbs up
108.6830253535482,139.71399357258383,167.83622970026465,195.5632889885011,31.04834939252005,59.20304046246274,86.88498144098322,28.160255680657446,55.90169943749474,28.071337695236398,thumbs up
103.40696301506973,135.79396157414365,165.32694880145826,193.380454027805,32.38826948140329,62.0966987850401,90.02777349240623,30.083217912982647,57.723478758647246,28.160255680657446,thumbs up
98.99494936611666,129.24782396620841,158.26875876179733,183.96738841436002,30.675723300355934,59.77457653551382,85.44003745317531,29.120439557122072,54.817880294662984,25.709920264364882,thumbs up
107.44766167767449,137.5281789307195,165.67739737212196,193.82982226685345,30.083217912982647,58.240879114244144,86.49277426467485,28.160255680657446,56.568542494923804,29.0,thumbs up
101.20276676059801,131.79529581893277,160.099968769516,185.3672031401456,30.59411708155671,58.9406481131655,84.17244204607586,28.460498941515414,53.600373133029585,25.317977802344327,thumbs up
104.04806581575652,132.1854757528224,161.40012391568973,185.06485349736184,28.160255680657446,57.584720195551874,81.02468759581859,29.546573405388315,52.952809179494906,25.079872407968907,thumbs up
101.86756107809786,129.28263611173776,155.08062419270823,177.53872816937718,27.51363298439521,53.48831648126533,75.69015788066504,26.0,48.27007354458868,23.021728866442675,thumbs up
102.42070103255493,130.41855696180662,158.38244852255568,180.8258831030558,28.160255680657446,56.64803615307419,78.587530817554,28.635642126552707,50.44799302251776,23.0,thumbs up
104.546640309481,132.69890730522238,161.8177987738061,186.27130750601393,28.160255680657446,57.28001396647874,81.78630692236935,29.120439557122072,53.75872022286245,25.019992006393608,thumbs up
105.75916035975324,136.0624856453828,163.23296235748464,188.29763673503712,30.364452901377952,57.56735185849702,82.56512580987206,27.202941017470888,52.46903848937962,26.019223662515376,thumbs up
110.35397591387454,142.12670403551894,170.29386365926402,196.51463049859672,31.78049716414141,60.01666435249463,86.57944328765345,28.284271247461902,55.08175741568164,27.018512172212592,thumbs up
102.59142264341595,135.36617007214173,163.5726138447387,194.98717906570164,33.24154027718932,61.1310068623117,92.39588735436226,28.284271247461902,60.13318551349163,32.0,thumbs up
99.04039579888602,133.19534526401438,160.4306703844374,192.03385118254542,34.20526275297414,61.39218191268331,93.05912099305473,27.294688127912362,59.21148537234985,32.01562118716424,thumbs up
101.6366075781753,133.15404612703287,160.5615146914104,191.80198122021577,31.622776601683793,58.9406481131655,90.2551937563706,27.459060435491963,59.21148537234985,32.0,thumbs up
96.6902270139025,129.83836104942176,158.47397262642215,190.62528688503002,33.24154027718932,61.84658438426491,93.94147114027967,28.635642126552707,60.8276253029822,32.2490309931942,thumbs up
101.92153844992725,133.9290857132983,160.3277892319357,190.62528688503002,32.01562118716424,58.69412236331676,89.45389874119518,27.018512172212592,58.008620049092706,31.0,thumbs up
100.12492197250393,134.8369385591352,162.88953311984167,195.92345444075858,35.4400902933387,63.150613615387776,96.0260381354974,28.071337695236398,61.1310068623117,33.06055050963308,thumbs up
98.2700361249552,134.34656675925888,162.09873534361705,193.3726971420733,36.22154055254967,64.19501538281614,96.02083107326243,28.0178514522438,60.03332407921454,32.14031735997639,thumbs up
98.2700361249552,133.9589489358587,159.45218719101973,187.29922583929704,35.6931365951495,61.18823416311342,89.10667763978185,25.495097567963924,53.46026561849464,28.071337695236398,thumbs up
100.43903623591775,136.94524453225822,164.07315441594946,193.75241933973368,37.013511046643494,64.1248781675256,94.08506789071261,27.16615541441225,57.07889277132134,30.0,thumbs up
100.16985574512923,133.64505228402584,161.6168308066954,189.2643653728826,33.54101966249684,61.66036003787198,89.56003573022959,28.160255680657446,56.142675390472796,28.0178514522438,thumbs up
94.36630754670864,130.8166656049603,159.24823389915505,189.88944151795275,36.49657518178932,64.93843238021688,95.75489543621255,28.442925306655784,59.30430001273095,31.016124838541646,thumbs up
97.082439194738,133.75350462698165,162.3884232326923,192.39802493788756,36.6742416417845,65.30696746902278,95.35197952848173,28.635642126552707,58.69412236331676,30.14962686336267,thumbs up
106.25441167311595,137.78606605894515,165.89454481688057,193.18643844742311,32.14031735997639,60.40695324215582,88.2779700718135,28.284271247461902,56.142675390472796,28.0,thumbs up
100.16985574512923,135.36617007214173,162.8066337714775,192.84449693989197,35.35533905932738,62.80127387243033,93.34345183246653,27.459060435491963,58.077534382926416,31.064449134018133,thumbs up
109.48059188732951,138.49548729110273,166.1715980545412,190.62528688503002,29.274562336608895,57.3149195236284,82.21921916437786,28.071337695236398,53.03772242470448,25.0,thumbs up
99.45853407325085,134.61797799699713,161.83015788165073,190.24720760105785,35.35533905932738,62.64982043070834,91.44397191723465,27.294688127912362,56.142675390472796,29.0,thumbs up
109.20164833920778,142.36923825040296,170.75128110793196,195.92090240706835,33.37663853655727,61.814237842102365,87.46427842267951,28.442925306655784,54.147945482723536,26.019223662515376,thumbs up
109.11003620199197,140.52046114356443,167.86899654194636,193.08029417835473,31.575306807693888,59.033888572581766,84.71717653463199,27.459060435491963,53.23532661682466,26.0,thumbs up
122.71104269787622,151.64761785138597,178.02527910383964,200.24235316236172,29.274562336608895,56.22277118748239,79.1012010022604,27.018512172212592,50.0,23.021728866442675,thumbs up
111.83022847155415,142.86357128393507,170.83617883809038,195.1640335717624,31.04834939252005,59.033888572581766,83.60023923410746,28.160255680657446,53.03772242470448,25.019992006393608,thumbs up
110.06361796706484,142.87407042567241,169.09760495051373,196.1555505204989,33.24154027718932,60.13318551349163,89.08984229416954,27.0,56.568542494923804,30.083217912982647,thumbs up
116.1077086157504,143.58969322343438,171.0263137648707,194.3733520830466,28.160255680657446,56.22277118748239,81.00617260431454,28.071337695236398,53.03772242470448,25.317977802344327,thumbs up
113.22543883774529,142.72000560538106,170.51099671282202,195.34584715319647,29.614185789921695,57.706152185014034,84.02380615040002,28.160255680657446,55.14526271584895,27.892651361962706,thumbs up
114.49017425089369,144.9206679531943,170.01764614298128,194.64840096954302,31.144823004794873,57.07889277132134,84.2140130857092,26.0,53.75872022286245,28.460498941515414,thumbs up
121.07848694132248,146.10954794263105,170.60187572239644,190.8219064992277,26.076809620810597,52.009614495783374,75.4254598925323,26.019223662515376,50.00999900019995,24.698178070456937,thumbs up
125.0,151.16877984557524,176.57009939398006,199.1004771465905,27.073972741361768,54.0,79.51100552753688,27.073972741361768,53.150729063673246,26.570660511172846,thumbs up
123.8587905640936,149.26486525636233,172.44709333589824,192.84449693989197,27.0,52.08646657242167,76.11832893594026,25.179356624028344,49.72926703662542,25.079872407968907,thumbs up
129.3560976529518,158.14550262337528,181.91481522954638,204.36486977951958,29.274562336608895,55.00909015790027,80.89499366462674,26.476404589747453,53.45091205957107,27.313000567495326,thumbs up
126.46343345014795,153.70751445521458,177.88198334851114,200.6315030098713,28.160255680657446,54.00925846556311,80.62257748298549,26.076809620810597,53.600373133029585,28.231188426986208,thumbs up
126.7162183779172,151.56846637740978,175.0,199.64969321288726,26.076809620810597,52.03844732503075,81.04936767180853,26.30589287593181,56.04462507680822,30.083217912982647,thumbs up
125.80143083447024,150.28306624500314,173.4877517290486,197.3119357768303,26.019223662515376,52.15361924162119,80.4114419718985,26.476404589747453,55.362442142665635,29.154759474226502,thumbs up
128.37834708392222,154.1460346554526,176.16185739256952,201.6382900145704,28.0,52.03844732503075,81.88406438373708,24.08318915758459,54.3415126767741,30.675723300355934,thumbs up
132.38202294873727,158.09490820390135,182.9371476764629,202.48456731316588,26.476404589747453,52.46903848937962,75.0,26.076809620810597,49.25444142409901,24.041630560342615,thumbs up
129.00387591076478,158.76082640248507,181.61773041198373,202.71408436514716,33.06055050963308,59.0,84.29116205154607,26.076809620810597,51.78802950489621,25.96150997149434,thumbs up
126.21014222319853,155.46703830716015,183.29484444468153,208.4346420343797,29.410882339705484,57.723478758647246,84.5931439302264,28.442925306655784,56.00892785976178,28.284271247461902,thumbs up
123.90722335683259,151.7003625572464,178.31432920547917,201.20139164528658,27.85677655436824,54.70831746635972,78.64477096412705,26.92582403567252,51.35172830587107,25.019992006393608,thumbs up
120.30793822520607,149.37201879870273,178.10109488714548,201.89601283829256,29.154759474226502,58.18934610390462,83.54639429682169,29.120439557122072,55.226805085936306,27.16615541441225,thumbs up
128.01562404644207,149.46571513226704,176.23280057923384,199.2234925906079,24.0,51.24451190127583,77.00649323271382,27.459060435491963,53.009433122794285,26.30589287593181,thumbs up
123.90722335683259,152.6106156202772,179.76929659983654,203.02709178826356,28.792360097775937,56.32051136131489,81.04936767180853,27.65863337187866,53.08483775994799,26.1725046566048,thumbs up
118.9663818059539,148.14182393908885,176.47662734764623,198.91958174096385,29.410882339705484,57.87054518492115,82.03657720797473,28.460498941515414,53.150729063673246,26.476404589747453,thumbs up
119.03780911962384,147.2582765076381,176.61823235442031,201.76223630798702,28.231188426986208,57.584720195551874,83.19855767980596,29.410882339705484,55.57877292636101,27.018512172212592,thumbs up
124.23365083583433,152.31546211727817,179.42407865166817,203.66639388961548,28.178005607210743,55.362442142665635,80.4114419718985,28.160255680657446,54.037024344425184,26.019223662515376,thumbs up
117.38824472663352,147.85127662620977,175.85505395068975,197.9747458642137,30.463092423455635,58.52349955359813,81.25269226308751,28.160255680657446,51.478150704935004,24.020824298928627,thumbs up
120.93386622447825,149.12075643584967,175.57049866079439,200.2023975880409,28.635642126552707,55.31726674375732,80.89499366462674,26.68332812825267,52.3450093132096,26.0,thumbs up
119.97082978791136,148.66068747318505,177.451401797788,198.76116320851014,28.861739379323623,57.56735185849702,79.90619500389191,28.792360097775937,51.24451190127583,24.515301344262525,thumbs up
114.17968295629481,145.15164484083533,175.57049866079439,199.12307751739877,31.016124838541646,61.40032573203501,85.32877591996736,30.59411708155671,55.14526271584895,25.079872407968907,thumbs up
116.3872845288522,145.7840869230932,175.5135322418189,199.88246546408217,29.546573405388315,59.135437767890075,83.74365647617735,29.832867780352597,55.226805085936306,26.076809620810597,thumbs up
123.06502346320826,150.6154042586614,174.9771413642365,195.88006534611938,27.892651361962706,52.952809179494906,76.10519036176179,25.179356624028344,49.09175083453431,24.73863375370596,thumbs up
109.7679370308106,141.98943622678414,172.70205557549104,198.8793604173143,32.31098884280702,62.93647591023825,89.44271909999159,30.805843601498726,58.137767414994535,28.160255680657446,thumbs up
114.79111463872106,143.8923208513922,171.09354166653983,194.51735141112732,29.154759474226502,56.32051136131489,80.62257748298549,27.459060435491963,53.009433122794285,26.68332812825267,thumbs up
107.5174404457249,136.92698784388708,166.37908522407497,191.84629264074925,29.410882339705484,58.9406481131655,85.0,29.614185789921695,56.142675390472796,27.073972741361768,thumbs up
118.12705024675762,141.65097952361643,170.51099671282202,196.51463049859672,23.769728648009426,52.49761899362675,78.63841300535,28.861739379323623,56.00892785976178,28.635642126552707,thumbs up
111.83022847155415,139.97856978837868,169.04733065032408,194.98717906570164,28.635642126552707,57.28001396647874,83.48652585896721,29.274562336608895,57.07889277132134,28.861739379323623,thumbs up
109.77249200050075,137.99275343292487,163.21764610482532,187.3205808233575,28.635642126552707,55.226805085936306,82.05485969764375,27.018512172212592,54.74486277268398,28.160255680657446,thumbs up
